generation,file_path,total_entries,valid_entries,invalid_entries,pareto_front_area,objective_0_min,objective_0_max,objective_0_mean,objective_0_median,objective_0_stdev,objective_1_min,objective_1_max,objective_1_mean,objective_1_median,objective_1_stdev,crowding_total,crowding_infinite,crowding_min,crowding_max,crowding_mean,crowding_median,crowding_stdev
1,global_gen_1.pkl,50,16,34,49490.90058499575,0.8822999596595764,0.9131999611854553,0.9062749780714512,0.9076999723911285,0.007545651397958594,518209.0,716410.0,530794.0,518230.0,49500.12472711559,16,3,0.0,0.5059622224508291,0.08974771432113604,0.006472601154285362,0.15836518538026068
2,global_gen_2.pkl,56,16,40,49490.90058499575,0.8822999596595764,0.9131999611854553,0.906393725425005,0.9076999723911285,0.0076443082121423304,518209.0,716410.0,530794.0,518230.0,49500.12472711559,16,3,0.0,0.5059622224508291,0.09211261046631675,0.030743649887349157,0.1571380775891654
3,global_gen_3.pkl,62,18,44,46588.853148549795,0.8822999596595764,0.9131999611854553,0.9069221980041928,0.9104999899864197,0.007352284526309055,518209.0,716410.0,529434.1666666666,518230.0,46665.551262335335,18,3,0.0,0.5059622224508291,0.07996412718787083,0.01618102064751088,0.14802142403624663
4,global_gen_4.pkl,66,19,47,46588.853148549795,0.8822999596595764,0.9131999611854553,0.9052420760455885,0.9044999480247498,0.008750457480603331,518209.0,716410.0,528841.1578947369,518230.0,45424.36774985079,19,3,0.0,0.5059622224508291,0.07415729409434323,0.017799412055183483,0.14037614858807865
5,global_gen_5.pkl,73,24,49,46591.95094975829,0.8822999596595764,0.9146999716758728,0.9059541374444962,0.9069499671459198,0.008182596997497417,518209.0,716410.0,534914.875,518230.0,55898.29889945901,24,3,0.0,0.5502658931298315,0.0797227330491111,0.015431894360004562,0.16116520414009855
6,global_gen_6.pkl,82,22,60,46591.95094975829,0.8822999596595764,0.9146999716758728,0.9060863364826549,0.9097499847412109,0.008550546445131164,518209.0,716410.0,536433.5909090909,518230.0,58251.237624832276,22,3,0.0,0.5502658931298315,0.08811459968585962,0.015492860841299208,0.16757004954701823
7,global_gen_7.pkl,90,24,66,46591.95094975829,0.8822999596595764,0.9146999716758728,0.9062333057324091,0.9097499847412109,0.008285388497501074,518209.0,716446.0,543203.625,518230.0,66877.29315357278,24,4,0.0,0.5440028313277915,0.0820794428297988,0.014660161668340747,0.1638600510982375
8,global_gen_8.pkl,97,24,73,46591.95094975829,0.8822999596595764,0.9146999716758728,0.9061166395743688,0.9093999862670898,0.008217151494209658,518209.0,716446.0,543174.75,518230.0,66888.39052465129,24,4,0.0,0.5440028313277915,0.0820794428297988,0.014660161668340747,0.1635974680354022
9,global_gen_9.pkl,103,26,77,46591.95094975829,0.8822999596595764,0.9146999716758728,0.9063653579125037,0.9093999862670898,0.00793327649488149,518209.0,716446.0,541254.3076923077,518230.0,64514.80229576417,26,4,0.0,0.5440028313277915,0.0746176752998171,0.013143639648851157,0.15723887761151306
10,global_gen_10.pkl,110,26,84,46591.95094975829,0.8822999596595764,0.9146999716758728,0.9064730497506949,0.9097499847412109,0.007994883711755888,518209.0,716446.0,541280.9615384615,518230.0,64505.04286114739,26,4,0.0,0.5440028313277915,0.0746176752998171,0.014660161668340747,0.1572792615019331
11,global_gen_11.pkl,117,27,90,46591.95094975829,0.8822999596595764,0.9146999716758728,0.9066073806197555,0.910099983215332,0.007870640615958744,518209.0,716446.0,540426.4444444445,518230.0,63408.053931131915,27,4,0.0,0.5440028313277915,0.07137342854765114,0.013888428976676932,0.15444884522168525
12,global_gen_12.pkl,122,26,96,46591.95094975829,0.8822999596595764,0.9146999716758728,0.9063922808720515,0.9097499847412109,0.007945165849794513,518209.0,716446.0,541254.3076923077,518230.0,64514.80229576417,26,4,0.0,0.5440028313277915,0.0746176752998171,0.014660161668340747,0.1572792615019331
13,global_gen_13.pkl,128,26,102,46591.95094975829,0.8822999596595764,0.9146999716758728,0.9063922808720515,0.9097499847412109,0.007945165849794513,518209.0,716446.0,541254.3076923077,518230.0,64514.80229576417,26,4,0.0,0.5440028313277915,0.0746176752998171,0.014660161668340747,0.1572792615019331
14,global_gen_14.pkl,135,27,108,46591.95094975829,0.8822999596595764,0.9146999716758728,0.9066444171799554,0.910099983215332,0.007900266688264922,518209.0,716446.0,540401.5555555555,518230.0,63416.95890589358,27,4,0.0,0.5440028313277915,0.07137342854765114,0.013888428976676932,0.15444884522168525
15,global_gen_15.pkl,142,29,113,46591.95094975829,0.8822999596595764,0.9146999716758728,0.907051696859557,0.910099983215332,0.0077656645161812195,518209.0,716446.0,538873.724137931,518230.0,61376.5731534764,29,4,0.0,0.5440028313277915,0.06566718628006205,0.010802418034445585,0.14917079771298417
16,global_gen_16.pkl,147,29,118,46591.95094975829,0.8822999596595764,0.9146999716758728,0.907051696859557,0.910099983215332,0.0077656645161812195,518209.0,716446.0,538873.724137931,518230.0,61376.5731534764,29,4,0.0,0.5440028313277915,0.06566718628006205,0.010802418034445585,0.14917079771298417
17,global_gen_17.pkl,153,28,125,46591.95094975829,0.8822999596595764,0.9146999716758728,0.906832115990775,0.910099983215332,0.007815947787690089,518209.0,716446.0,539611.0,518230.0,62371.93131529599,28,4,0.0,0.5440028313277915,0.0684033190417313,0.011600634177735485,0.15173695658780623
18,global_gen_18.pkl,158,29,129,46591.95094975829,0.8822999596595764,0.9146999716758728,0.9060620418910322,0.9093999862670898,0.008275504300785545,518209.0,716446.0,538873.724137931,518230.0,61376.5731534764,29,4,0.0,0.5440028313277915,0.07258077061508418,0.015431894360004562,0.1491155046290816
19,global_gen_19.pkl,165,31,134,46591.95094975829,0.8822999596595764,0.9146999716758728,0.9057161019694421,0.9095999598503113,0.008633084667890761,518209.0,716446.0,537564.0322580645,518230.0,59511.80116609023,31,4,0.0,0.5440028313277915,0.06737587932232086,0.013888428976676932,0.14109923301879665
20,global_gen_20.pkl,172,30,142,46591.95094975829,0.8822999596595764,0.9146999716758728,0.905569972594579,0.9094999730587006,0.008741588070598981,518209.0,716446.0,538209.2,518230.0,60418.8055403625,30,4,0.0,0.5440028313277915,0.06996725929625629,0.014660161668340747,0.14323682863034234
21,global_gen_21.pkl,180,32,148,46591.95094975829,0.8822999596595764,0.9146999716758728,0.9058062229305506,0.9094999730587006,0.008507987404291732,518209.0,716446.0,536959.1875,518230.0,58643.96259794793,32,4,0.0,0.5440028313277915,0.06496959791795227,0.013344227966887851,0.13883762428487287
22,global_gen_22.pkl,185,31,154,46591.95094975829,0.8822999596595764,0.9146999716758728,0.9051161023878282,0.9093999862670898,0.00895846674184232,518209.0,716446.0,537565.8709677419,518230.0,59511.18410615041,31,4,0.0,0.5440028313277915,0.06737587932232086,0.015431894360004562,0.13937552875750245
23,global_gen_23.pkl,191,32,159,46591.95094975829,0.8822999596595764,0.9146999716758728,0.9052718486636877,0.9094999730587006,0.00885672086366892,518209.0,716446.0,536960.96875,518230.0,58643.37557148588,32,4,0.0,0.5440028313277915,0.06496959791795226,0.014660161668340747,0.13736156293144988
24,global_gen_24.pkl,197,32,165,46591.95094975829,0.8822999596595764,0.9146999716758728,0.9053687229752541,0.9094999730587006,0.00892790192244859,518209.0,716446.0,536961.625,518230.0,58643.1590750912,32,4,0.0,0.5440028313277915,0.06496959791795226,0.014660161668340747,0.13736156293144988
25,global_gen_25.pkl,204,33,171,46591.95094975829,0.8822999596595764,0.9146999716758728,0.9049211848865856,0.9093999862670898,0.009269635731549992,518209.0,716446.0,536437.7272727273,518230.0,57797.99476910549,33,4,0.0,0.5440028313277915,0.0634742613024674,0.015431894360004562,0.13509102641025547
26,global_gen_26.pkl,210,34,176,46591.95094975829,0.8822999596595764,0.9146999716758728,0.9050735024844899,0.9094999730587006,0.009171212901954894,518209.0,716446.0,535901.5882352941,518230.0,57001.322617359874,34,4,0.0,0.5440028313277915,0.061358452592385156,0.014660161668340747,0.13324634615124978
27,global_gen_27.pkl,215,35,180,46591.95094975829,0.8822999596595764,0.9146999716758728,0.9053056870188032,0.9093999862670898,0.009155744716444722,518209.0,2260054.0,585204.9142857143,518230.0,296786.47630264336,35,4,0.0,0.47551327099921437,0.04548709980623614,0.012556866599399594,0.09160707933489892
28,global_gen_28.pkl,218,33,185,46591.95094975829,0.8822999596595764,0.9146999716758728,0.9047484578508319,0.9088999629020691,0.009135788537239614,518209.0,716446.0,536437.7272727273,518230.0,57797.99476910549,33,4,0.0,0.5440028313277915,0.06272926695526426,0.013888428976676932,0.13524195642193496
29,global_gen_29.pkl,225,33,192,46591.95094975829,0.8822999596595764,0.9146999716758728,0.9047484578508319,0.9088999629020691,0.009135788537239614,518209.0,716446.0,536437.7272727273,518230.0,57797.99476910549,33,4,0.0,0.5440028313277915,0.06272926695526426,0.013888428976676932,0.13524195642193496
30,global_gen_30.pkl,233,34,199,46591.95094975829,0.8822999596595764,0.9146999716758728,0.9049970314783209,0.9091499745845795,0.009112314874176575,518209.0,716446.0,535902.2058823529,518230.0,57001.12521046719,34,4,0.0,0.5440028313277915,0.060638291390088785,0.013317744515261768,0.13338234196831608
31,global_gen_31.pkl,237,36,201,46591.95094975829,0.8822999596595764,0.9146999716758728,0.9052721957365671,0.9094999730587006,0.0089227063815122,518209.0,716446.0,534919.8333333334,518230.0,55500.797283591215,36,4,0.0,0.5440028313277915,0.056848398178208234,0.011600634177735485,0.12985771921903103
32,global_gen_32.pkl,244,41,203,46591.95094975829,0.8822999596595764,0.9146999716758728,0.9056341197432541,0.9097999930381775,0.008933720909284843,518209.0,716446.0,532884.7073170731,518230.0,52209.791322243334,41,4,0.0,0.5440028313277915,0.04979181197715898,0.010802418034445585,0.12074399344469287
33,global_gen_33.pkl,250,41,209,46591.95094975829,0.8822999596595764,0.9146999716758728,0.9060487543664327,0.9097999930381775,0.008656275797551875,518209.0,716446.0,532884.7073170731,518230.0,52209.791322243334,41,4,0.0,0.5440028313277915,0.04979181197715898,0.009258952651117954,0.12183643865770176
34,global_gen_34.pkl,258,43,215,46591.95094975829,0.8822999596595764,0.9146999716758728,0.9060836947241495,0.9097999930381775,0.0084798089812066,518209.0,716446.0,536812.2790697674,518230.0,58203.52360030872,43,4,0.0,0.5440028313277915,0.0479133886142284,0.009258952651117954,0.11890736556618818
35,global_gen_35.pkl,265,43,222,46591.95094975829,0.8822999596595764,0.9146999716758728,0.9061092775921489,0.9097999930381775,0.008488282063963954,518209.0,716446.0,536812.7674418605,518230.0,58203.36387588297,43,4,0.0,0.5440028313277915,0.0479133886142284,0.009258952651117954,0.11896424281339114
36,global_gen_36.pkl,271,45,226,46591.95094975829,0.8822999596595764,0.9146999716758728,0.9065244197845459,0.910099983215332,0.008495193921534768,518209.0,716446.0,535988.1333333333,518230.0,56996.50023928902,45,4,0.0,0.5440028313277915,0.04557615014524165,0.008117583728287628,0.11641726958128816
37,global_gen_37.pkl,278,43,235,46588.77754852176,0.8822999596595764,0.9203999638557434,0.9063860205716865,0.9097999930381775,0.00877777724670143,518209.0,716446.0,536814.0930232558,518230.0,58202.93073451181,43,4,0.0,0.5368458039760688,0.04653143291259661,0.009186310644981634,0.11682216784569764
38,global_gen_38.pkl,284,43,241,46588.77754852176,0.8822999596595764,0.9203999638557434,0.9061255552047907,0.9097999930381775,0.00869094222664241,518209.0,716446.0,541422.9302325582,518230.0,64233.32079721454,43,4,0.0,0.5368458039760688,0.04653143291259661,0.009186310644981634,0.11682216784569764
39,global_gen_39.pkl,291,43,248,42391.21348589659,0.8822999596595764,0.9203999638557434,0.9062069501987723,0.9097999930381775,0.008788994322752841,518209.0,716446.0,541421.6046511628,518230.0,64233.81065078523,43,4,0.0,0.5368458039760688,0.047709165046568615,0.010498864226578976,0.11656229336311125
40,global_gen_40.pkl,297,45,252,42391.21348589659,0.8822999596595764,0.9203999638557434,0.9064155287212796,0.9097999930381775,0.008876604413744674,518209.0,716446.0,540390.5111111111,518230.0,62942.951010715835,45,4,0.0,0.523722614799395,0.04608607127640776,0.011810635595076438,0.11223234237430463
41,global_gen_41.pkl,304,48,256,42391.21348589659,0.8822999596595764,0.9203999638557434,0.9068603900571665,0.9099499881267548,0.008848796310825363,518209.0,716446.0,539004.6041666666,518230.0,61142.10780501423,48,4,0.0,0.523722614799395,0.04294383914392541,0.009842587435780304,0.10888240781814817
42,global_gen_42.pkl,308,47,261,42391.21348589659,0.8822999596595764,0.9203999638557434,0.9068978454204316,0.9097999930381775,0.008895518074103558,518209.0,716446.0,539446.9574468085,518230.0,61725.43505189717,47,4,0.0,0.5368458039760688,0.04394253307750507,0.010498864226578976,0.1114017134412854
43,global_gen_43.pkl,314,47,267,42391.21348589659,0.8822999596595764,0.9203999638557434,0.9067531646566188,0.9097999930381775,0.00884595033361492,518209.0,716446.0,539446.5106382979,518230.0,61725.59204846544,47,4,0.0,0.5368458039760688,0.04394253307750507,0.011810635595076438,0.11124774535250159
44,global_gen_44.pkl,320,49,271,42391.21348589659,0.8822999596595764,0.9203999638557434,0.9070897698402405,0.9097999930381775,0.008888225037193595,518209.0,716446.0,542625.0204081633,518230.0,65595.57505861511,49,4,0.0,0.5368458039760688,0.04199154939418429,0.010498864226578976,0.10908915028894689
45,global_gen_45.pkl,324,49,275,42391.21348589659,0.8822999596595764,0.9203999638557434,0.9073469115763294,0.9097999930381775,0.009065735055778,518209.0,716446.0,542655.3265306122,518230.0,65584.40157994498,49,4,0.0,0.5368458039760688,0.04199154939418429,0.011810635595076438,0.11112647368500556
46,global_gen_46.pkl,331,48,283,42391.21348589659,0.8822999596595764,0.9203999638557434,0.9072895559171835,0.9097999930381775,0.009152682658928034,518209.0,716446.0,543164.625,518230.0,66180.44091583123,48,4,0.0,0.5368458039760688,0.04294590278950666,0.012108154169366728,0.11222451891476433
47,global_gen_47.pkl,337,48,289,42391.21348589659,0.8822999596595764,0.9203999638557434,0.9072895559171835,0.9097999930381775,0.009152682658928034,518209.0,716446.0,543164.625,518230.0,66180.44091583123,48,4,0.0,0.5368458039760688,0.04294590278950666,0.012108154169366728,0.11222451891476433
48,global_gen_48.pkl,345,48,297,42391.21348589659,0.8822999596595764,0.9203999638557434,0.9072895559171835,0.9097999930381775,0.009152682658928034,518209.0,716446.0,543164.625,518230.0,66180.44091583123,48,4,0.0,0.5368458039760688,0.04294590278950666,0.012108154169366728,0.11222451891476433
49,global_gen_49.pkl,350,49,301,42391.21348589659,0.8822999596595764,0.9203999638557434,0.9070979320273107,0.9097999930381775,0.009155633469876604,518209.0,716446.0,542655.3265306122,518230.0,65584.40157994498,49,4,0.0,0.5368458039760688,0.04199154939418429,0.01240567274365702,0.11003947696125065
50,global_gen_50.pkl,357,48,309,42391.21348589659,0.8822999596595764,0.9203999638557434,0.9072895559171835,0.9097999930381775,0.009152682658928034,518209.0,716446.0,543164.625,518230.0,66180.44091583123,48,4,0.0,0.5368458039760688,0.04294590278950666,0.012108154169366728,0.11222451891476433
51,global_gen_51.pkl,364,50,314,42391.21348589659,0.8822999596595764,0.9203999638557434,0.9076459717750549,0.9099499881267548,0.00914475866621517,518209.0,716446.0,542166.4,518230.0,65003.72508823582,50,4,0.0,0.5368458039760688,0.04107868962474551,0.012108154169366728,0.10995733883013628
52,global_gen_52.pkl,370,50,320,41458.41803994775,0.8822999596595764,0.9203999638557434,0.9078439712524414,0.9099499881267548,0.009304752497921355,518209.0,716446.0,542166.4,518230.0,65003.72508823582,50,4,0.0,0.5368458039760688,0.04107868962474551,0.012108154169366728,0.10993227527142023
53,global_gen_53.pkl,377,50,327,41458.41803994775,0.8822999596595764,0.9203999638557434,0.9079159712791443,0.9099499881267548,0.009368647665076404,518209.0,716446.0,544128.64,518230.0,65742.40980283641,50,4,0.0,0.510546458719469,0.0410786896247455,0.012108154169366728,0.09419323897802483
54,global_gen_54.pkl,382,50,332,41458.41803994775,0.8822999596595764,0.9203999638557434,0.9079159712791443,0.9099499881267548,0.009368647665076404,518209.0,716446.0,544128.64,518230.0,65742.40980283641,50,4,0.0,0.510546458719469,0.0410786896247455,0.012108154169366728,0.09419323897802483
55,global_gen_55.pkl,390,53,337,41458.41803994775,0.8822999596595764,0.9203999638557434,0.907990537724405,0.910099983215332,0.009301948073235474,518209.0,716446.0,546380.0188679246,518230.0,68240.62705193985,53,4,0.0,0.5077770463494271,0.03856366781098557,0.01240567274365702,0.0878572777062935
56,global_gen_56.pkl,395,52,343,41458.41803994775,0.8822999596595764,0.9203999638557434,0.9082615100420438,0.910099983215332,0.00935089638587201,518209.0,716446.0,546921.7692307692,518230.0,68791.22399271792,52,4,0.0,0.5077770463494271,0.039367077557047776,0.012108154169366728,0.08988636353979614
57,global_gen_57.pkl,401,53,348,41458.41803994775,0.8822999596595764,0.9203999638557434,0.9083943108342728,0.910099983215332,0.009317464381840094,518209.0,716446.0,546380.0188679246,518230.0,68240.62705193985,53,4,0.0,0.5261496676393904,0.03856366781098557,0.010498864226578976,0.09177024567112164
58,global_gen_58.pkl,405,53,352,41458.41803994775,0.8822999596595764,0.9203999638557434,0.9084943116835829,0.910099983215332,0.009408964790614607,518209.0,716446.0,546407.641509434,518230.0,68229.29997388736,53,4,0.0,0.5261496676393904,0.03856366781098557,0.011810635595076438,0.09174397793889329
59,global_gen_59.pkl,411,54,357,41458.41068997979,0.8822999596595764,0.9210999608039856,0.9086296006485268,0.910099983215332,0.009389708779907654,518209.0,716446.0,545858.7222222222,518230.0,67702.24410801318,54,4,0.0,0.525557766762246,0.03765175876119784,0.009665015761433953,0.09072347778607989
60,global_gen_60.pkl,416,56,360,41458.41068997979,0.8822999596595764,0.9210999608039856,0.908964257155146,0.910099983215332,0.009394086791131183,518209.0,716446.0,548390.9285714285,518230.0,70329.36042982001,56,4,0.0,0.525557766762246,0.03620361419345946,0.00902057896386238,0.08899362621936546
