generation,file_path,total_entries,valid_entries,invalid_entries,pareto_front_area,dominated_pareto_area,objective_0_min,objective_0_max,objective_0_mean,objective_0_median,objective_0_stdev,objective_1_min,objective_1_max,objective_1_mean,objective_1_median,objective_1_stdev,crowding_total,crowding_infinite,crowding_min,crowding_max,crowding_mean,crowding_median,crowding_stdev
1,global_gen_1.pkl,47,22,25,50731.32689744234,3384.796709060669,0.9021999835968018,0.9157999753952026,0.9099681675434113,0.911300003528595,0.0027630883637727267,515302.0,909706.0,559435.2727272727,518230.0,114225.33261942079,22,3,0.0,0.48860174214612656,0.08451269854558108,0.03311598564215785,0.14390256247070105
2,global_gen_2.pkl,54,22,32,50731.32689744234,3384.796709060669,0.9021999835968018,0.9157999753952026,0.9095727096904408,0.9108499884605408,0.0032122049381607277,515302.0,909706.0,559301.2272727273,518230.0,114277.68308480708,22,3,0.0,0.48860174214612656,0.09211036950970578,0.04141495855634963,0.14300059861074427
3,global_gen_3.pkl,58,22,36,50731.32689744234,3384.796709060669,0.9021999835968018,0.9157999753952026,0.9097772538661957,0.9108499884605408,0.0031292646826242055,515302.0,909706.0,559303.6818181818,518230.0,114276.75714951061,22,3,0.0,0.48860174214612656,0.09211036950970578,0.03311598564215785,0.14530606496511894
4,global_gen_4.pkl,64,23,41,49699.93562555313,3404.028508543968,0.9021999835968018,0.9157999753952026,0.9097086761308752,0.9103999733924866,0.0031853220598825,515281.0,909706.0,574244.7826086957,518230.0,133043.46875054733,23,4,0.0,0.48492719273938234,0.08243279204055302,0.0233300080448896,0.14320337604707137
5,global_gen_5.pkl,70,24,46,49699.93562555313,3404.028508543968,0.9041999578475952,0.9157999753952026,0.9100958133737246,0.9102999866008759,0.0022666725037984218,515281.0,909706.0,572067.0833333334,518230.0,130551.28417762705,24,3,0.0,0.49253370752054315,0.07550409550009517,0.026499105843746047,0.1388836063134491
6,global_gen_6.pkl,74,25,49,49699.93562555313,3404.028508543968,0.9018999934196472,0.9157999753952026,0.9097359824180603,0.9101999998092651,0.0027834116443575807,515281.0,909706.0,569825.28,518230.0,128293.10009522465,25,4,0.0,0.48397502655689106,0.07034854874765618,0.022933307605872224,0.1367254162865092
7,global_gen_7.pkl,79,26,53,49700.460946291685,3404.028508543968,0.9018999934196472,0.9157999753952026,0.9095230606886057,0.9101499915122986,0.002739969619061464,515281.0,909706.0,567770.6923076923,518230.0,126136.86751295808,26,4,0.0,0.48397502655689106,0.06717024819048213,0.01866376049551255,0.13410642040162463
8,global_gen_8.pkl,84,27,57,46342.66987654567,3404.028508543968,0.9018999934196472,0.9157999753952026,0.9096888701121012,0.9101999998092651,0.00271609318149743,515281.0,909706.0,565826.6296296297,518230.0,124099.19391610399,27,4,0.0,0.48397502655689106,0.06429328914525329,0.01801855828724384,0.13169259158713836
9,global_gen_9.pkl,90,28,62,48300.54235365987,3491.9453061819077,0.9018999934196472,0.9157999753952026,0.909649983048439,0.9101999998092651,0.0026049040521012755,515185.0,909706.0,564006.0,518219.5,122159.72316541919,28,4,0.0,0.4838677632118796,0.06503932670649154,0.01670362408036234,0.13110554456410436
10,global_gen_10.pkl,96,31,65,48301.880047380924,3491.9453061819077,0.9018999934196472,0.9157999753952026,0.9099193369188616,0.9101999998092651,0.002443819591639423,515185.0,909706.0,560803.4516129033,518230.0,116447.56869505369,31,4,0.0,0.4730767356521998,0.053285077254595525,0.014394211534359533,0.12118580227285887
11,global_gen_11.pkl,103,31,72,48301.880047380924,3491.9453061819077,0.9018999934196472,0.9157999753952026,0.9096999822124359,0.9101999998092651,0.0028722769931566992,515185.0,909706.0,573407.2903225806,518230.0,131390.35743315757,31,4,0.0,0.4715901227722771,0.06447609013941166,0.019525360128792413,0.12183980171039735
12,global_gen_12.pkl,108,31,77,48301.880047380924,3491.9453061819077,0.9018999934196472,0.9157999753952026,0.9096999822124359,0.9101999998092651,0.0028722769931566992,515185.0,909706.0,573407.2903225806,518230.0,131390.35743315757,31,4,0.0,0.4715901227722771,0.06447609013941166,0.019525360128792413,0.12183980171039735
13,global_gen_13.pkl,116,33,83,48301.880047380924,3491.9453061819077,0.9018999934196472,0.9157999753952026,0.9098454370643153,0.9101999998092651,0.0028806521735023623,515185.0,909706.0,571480.2424242424,518230.0,127585.2148225428,33,4,0.0,0.4628174592131763,0.06213810411398163,0.019525360128792413,0.11585001724893974
14,global_gen_14.pkl,122,37,85,48301.880047380924,3491.9453061819077,0.9018999934196472,0.9157999753952026,0.9099621450578844,0.9103999733924866,0.0030704068388843044,515185.0,909706.0,567037.3243243244,518230.0,121199.96012124712,37,4,0.0,0.45895834905174004,0.05656908919003436,0.02158419917411011,0.10668558449351116
15,global_gen_15.pkl,130,37,93,48301.880047380924,3491.9453061819077,0.9018999934196472,0.9157999753952026,0.9101324145858353,0.9106999635696411,0.0029154766320918873,515185.0,909706.0,576347.4324324324,518230.0,133651.16547638742,37,4,0.0,0.45895834905174004,0.05344729938566831,0.02158419917411011,0.10797220681980223
16,global_gen_16.pkl,140,42,98,53739.926895558834,417300.7431883812,0.8880999684333801,0.9157999753952026,0.9094142686753046,0.9102999866008759,0.004372785097694683,63330.0,909706.0,549114.2380952381,518230.0,138077.00464274513,42,3,0.0,0.29040150893204525,0.03720319682981504,0.009040564702895094,0.07255768555504408
17,global_gen_17.pkl,147,42,105,53739.926895558834,417300.7431883812,0.8714999556541443,0.9157999753952026,0.908485696429298,0.9102999866008759,0.007291146204765613,63330.0,909706.0,538178.7857142857,518230.0,157105.24214764457,42,3,0.0,0.6100505421647489,0.04573479201112589,0.006772457015382836,0.11333936967840276
18,global_gen_18.pkl,152,42,110,53739.926895558834,417300.7431883812,0.8714999556541443,0.9157999753952026,0.908485696429298,0.9102999866008759,0.007291146204765613,63330.0,909706.0,538178.7857142857,518230.0,157105.24214764457,42,3,0.0,0.6100505421647489,0.04573479201112589,0.006772457015382836,0.11333936967840276
19,global_gen_19.pkl,157,43,114,53891.8888939023,417322.7223877907,0.8806999921798706,0.9157999753952026,0.9081697505573894,0.9101999998092651,0.007068693336520987,63306.0,909706.0,527266.6976744186,518230.0,170922.68180720875,43,4,0.0,0.2821071911140022,0.03911953689161894,0.008092362911081213,0.07503710176854156
20,global_gen_20.pkl,165,46,119,53891.57328855991,417322.7223877907,0.8806999921798706,0.9157999753952026,0.9083043310953223,0.9102999866008759,0.006880049089224278,63306.0,909706.0,526563.2826086957,518219.5,165149.5776929593,46,4,0.0,0.2821071911140022,0.036325284256503304,0.007615153555408376,0.07280909081931078
21,global_gen_21.pkl,170,50,120,53921.88944643736,417322.7223877907,0.873699963092804,0.9157999753952026,0.9070539832115173,0.9101999998092651,0.008703980337738086,63306.0,909706.0,516409.38,518209.0,191171.0868016769,50,3,0.0,0.40612037759101477,0.040160147050181116,0.0071263632257854434,0.08358543970794863
22,global_gen_22.pkl,177,52,125,57785.386422395706,459644.7042530775,0.7170999646186829,0.9161999821662903,0.9038192136929586,0.9101999998092651,0.02754953699862326,63306.0,909706.0,509399.25,518219.5,194331.82893769516,52,4,0.0,0.4684591009695969,0.027166717850351026,0.001828931714070385,0.08216084827369696
23,global_gen_23.pkl,185,54,131,57785.386422395706,459644.7042530775,0.7426999807357788,0.9161999821662903,0.9043685010185948,0.9101999998092651,0.023855000155289012,63306.0,909706.0,519016.9074074074,518230.0,180437.1749662018,54,4,0.0,0.3994933490927984,0.026282478261400788,0.0017521698297691384,0.07337095655493968
24,global_gen_24.pkl,192,54,138,56802.54824447632,459644.7042530775,0.7426999807357788,0.9161999821662903,0.9050814652884448,0.9101999998092651,0.023678364166375598,63306.0,909706.0,511816.3333333333,518219.5,172313.84273853555,54,4,0.0,0.45715751932712323,0.02626489580959511,0.0017521698297691384,0.07947561720426224
25,global_gen_25.pkl,200,55,145,56802.54824447632,459644.7042530775,0.7426999807357788,0.9161999821662903,0.9042345296252857,0.9101999998092651,0.023658912755347854,63306.0,909706.0,496383.7818181818,518209.0,190546.65589140094,55,4,0.0,0.45715751932712323,0.025920505479332966,0.0017739839319470699,0.07867727654468541
26,global_gen_26.pkl,208,57,151,56173.2687356174,459644.7042530775,0.7426999807357788,0.9161999821662903,0.9037947205075046,0.9101999998092651,0.023558380334996253,63306.0,909706.0,497300.6140350877,518230.0,202691.32205318953,57,4,0.0,0.3994933490927984,0.02508995197782966,0.0019277094821366291,0.07125156572602574
27,global_gen_27.pkl,215,57,158,56173.2687356174,459644.7042530775,0.7426999807357788,0.9161999821662903,0.9037648962255109,0.9101999998092651,0.023665560479772717,63306.0,909706.0,491220.8596491228,518230.0,195552.28915428207,57,4,0.0,0.3994933490927984,0.02525565811529111,0.0017627124080254665,0.07131501581175079
28,global_gen_28.pkl,222,58,164,56166.369861513376,459795.20512509346,0.7426999807357788,0.9164999723434448,0.9039844665034064,0.9101999998092651,0.023516577235415153,63306.0,909706.0,492492.775862069,518230.0,194071.22163774417,58,4,0.0,0.39880690222555,0.024784948556499722,0.0017504287008279257,0.07064787996561081
29,global_gen_29.pkl,225,59,166,56166.369861513376,459795.20512509346,0.7426999807357788,0.9164999723434448,0.9045660859447414,0.9101999998092651,0.02319158286059359,63306.0,909706.0,501150.89830508473,518230.0,184982.57123109014,59,4,0.0,0.39880690222555,0.02398579119117574,0.0014542807009880296,0.0699690354264589
30,global_gen_30.pkl,229,58,171,56166.369861513376,459795.20512509346,0.7426999807357788,0.9164999723434448,0.9043655015271286,0.9101999998092651,0.02334245089434706,63306.0,909706.0,500050.1896551724,518230.0,186403.16801007293,58,4,0.0,0.39880690222555,0.024429972509530846,0.0015964616011928476,0.07054772068581361
31,global_gen_31.pkl,235,60,175,55969.96825578809,459853.86112332344,0.7426999807357788,0.9164999723434448,0.9040149837732315,0.9101999998092651,0.022986428144601338,63242.0,909706.0,492243.38333333336,518209.0,191515.69754506444,60,4,0.0,0.39880676622109695,0.023809135660664407,0.0017503724901204833,0.06917396107492363
32,global_gen_32.pkl,241,60,181,55969.96825578809,459853.86112332344,0.7426999807357788,0.9164999723434448,0.9040633171796799,0.9101999998092651,0.022998850316856098,63242.0,909706.0,492192.98333333334,518209.0,191509.14630903836,60,4,0.0,0.39880676622109695,0.023809135660664407,0.0017503724901204833,0.06917478336548581
33,global_gen_33.pkl,248,64,184,55969.42466455698,459853.86112332344,0.7426999807357788,0.9164999723434448,0.9048546710982919,0.9102999866008759,0.022372843148034574,63242.0,909706.0,495923.796875,518230.0,185959.935202659,64,4,0.0,0.39880676622109695,0.02223600755246115,0.0017368694857102288,0.06711026952922157
34,global_gen_34.pkl,254,63,191,55969.42466455698,459853.86112332344,0.7426999807357788,0.9164999723434448,0.9050682376301478,0.9103999733924866,0.022474084333555584,63242.0,909706.0,502059.15873015876,518230.0,178927.11401440192,63,4,0.0,0.39880676622109695,0.02261288903640117,0.001735097407984537,0.06767089868267036
35,global_gen_35.pkl,259,63,196,55969.42466455698,459853.86112332344,0.7426999807357788,0.9164999723434448,0.9046904596071395,0.9101999998092651,0.022512983513582364,63242.0,909706.0,494200.4285714286,518230.0,187094.42170713234,63,4,0.0,0.39880676622109695,0.02261288903640117,0.001735097407984537,0.067624516732672
36,global_gen_36.pkl,266,68,198,52973.49517130852,459853.86112332344,0.7426999807357788,0.9164999723434448,0.9045838073772543,0.9101999998092651,0.02181101047173484,63242.0,909706.0,479375.0,518219.5,196563.0443484288,68,4,0.0,0.39880676622109695,0.023324424713668947,0.0014463908826819198,0.06735615924731315
37,global_gen_37.pkl,273,71,202,53945.45029580593,460088.48511624336,0.7426999807357788,0.9164999723434448,0.9036281528607221,0.9101999998092651,0.021720057992109267,62986.0,1293142.0,472123.5633802817,518209.0,231605.40282988295,71,4,0.0,0.15799079944820293,0.014937025127547729,0.0017324347017790992,0.03678351267235012
38,global_gen_38.pkl,281,70,211,53435.58382034302,460088.48511624336,0.7426999807357788,0.9164999723434448,0.9038856983184814,0.9101999998092651,0.021820428491292617,62986.0,1293142.0,474448.71428571426,518209.0,229261.28080955782,70,4,0.0,0.15799079944820293,0.015163343690086331,0.001720766726187132,0.034924985798326834
39,global_gen_39.pkl,285,71,214,84888.8428940773,812175.0943965912,0.7426999807357788,0.9187999963760376,0.9041056179664504,0.9101999998092651,0.02174049487954111,62986.0,1293142.0,481103.4929577465,518209.0,234423.07663422028,71,4,0.0,0.13850991701896143,0.012919873722426546,0.001712226319570458,0.029780661125343652
40,global_gen_40.pkl,290,71,219,84888.8428940773,812175.0943965912,0.7426999807357788,0.9187999963760376,0.9041732239051604,0.9101999998092651,0.021771888773427662,62986.0,1293142.0,481762.40845070424,518230.0,234594.5486220597,71,4,0.0,0.13850991701896143,0.012919873722426546,0.001712226319570458,0.029777315236492827
41,global_gen_41.pkl,298,73,225,53016.628413915634,461243.11098074913,0.7426999807357788,0.9187999963760376,0.9040314914429024,0.9101999998092651,0.021736170163277883,62986.0,1293142.0,477165.87671232875,518230.0,236677.83572863962,73,4,0.0,0.13850991701896143,0.012641536802430376,0.0017211627202865709,0.029304284018316102
42,global_gen_42.pkl,304,73,231,53016.628413915634,461243.11098074913,0.7426999807357788,0.9187999963760376,0.9039794369919659,0.9101999998092651,0.02171043044790845,62986.0,1293142.0,477166.5342465753,518230.0,236678.0831810421,73,4,0.0,0.1623789746496289,0.014899928350366961,0.001990239839806916,0.034337005629202465
43,global_gen_43.pkl,310,73,237,53216.369913607836,461243.11098074913,0.7426999807357788,0.9187999963760376,0.9039301219051832,0.9101999998092651,0.021694429428887902,62986.0,1293142.0,467566.31506849313,518209.0,231514.54334686554,73,4,0.0,0.15796825548521787,0.01466665995047367,0.0017211627202865709,0.03397254278310918
44,global_gen_44.pkl,316,74,242,53216.369913607836,461243.11098074913,0.7426999807357788,0.9187999963760376,0.9041499849912282,0.9101999998092651,0.021477036468049868,62986.0,1293142.0,468871.75675675675,518219.5,230197.43764577343,74,4,0.0,0.3888015003512173,0.019734170400551528,0.0017275841202296868,0.05606490322056371
45,global_gen_45.pkl,322,76,246,53216.369913607836,461243.11098074913,0.7426999807357788,0.9187999963760376,0.9044197217414254,0.9101999998092651,0.021253015856001266,62986.0,1293142.0,471379.5789473684,518230.0,227625.94913177265,76,4,0.0,0.3888015003512173,0.01918599900053621,0.0017275841202296868,0.05536329899334347
46,global_gen_46.pkl,331,78,253,110885.84960111976,1135187.9623138905,0.6895999908447266,0.9228000044822693,0.9018333187470069,0.9101999998092651,0.032185072103850035,62986.0,1293142.0,472602.26923076925,518219.5,248895.99392171265,78,2,0.0,0.4772496614555103,0.02470490671385318,0.0015246121769980688,0.07149324483134531
47,global_gen_47.pkl,338,80,258,110885.84960111976,1135187.9623138905,0.7044999599456787,0.9228000044822693,0.9023499846458435,0.9101999998092651,0.030562447464854422,62986.0,1293142.0,479076.275,518230.0,243861.1639122917,80,3,0.0,0.4707812851644425,0.024671910669137948,0.0022436122636932294,0.07096702104816552
48,global_gen_48.pkl,348,84,264,110905.50428044796,1135187.9623138905,0.7044999599456787,0.9228000044822693,0.8991654607511702,0.9101999998092651,0.037877100299111316,62986.0,1293142.0,490581.95238095237,518230.0,254096.57319448137,84,3,0.0,0.31810796660445956,0.02356665237405149,0.002528012128815276,0.057905835013876715
49,global_gen_49.pkl,356,85,271,112303.96781891584,1176654.9033153057,0.7426999807357788,0.9228000044822693,0.9011258672265445,0.9101999998092651,0.03170837181275109,18050.0,1293142.0,499965.82352941175,518230.0,268272.2327801324,85,3,0.0,0.2900776979732217,0.01931198405248894,0.002296857614182519,0.045949895585596305
50,global_gen_50.pkl,363,87,276,111976.31104767323,1177802.4485402107,0.7426999807357788,0.9236999750137329,0.9013769955470644,0.9101999998092651,0.0313978780077384,18050.0,1342949.0,510103.7011494253,518230.0,280130.37369182875,87,4,0.0,0.2883830562661857,0.01857875073967235,0.002486106519101807,0.044782324765150545
51,global_gen_51.pkl,368,89,279,111976.31104767323,1177802.4485402107,0.7426999807357788,0.9236999750137329,0.9009381860829471,0.9101999998092651,0.03166895167324922,18050.0,1342949.0,505191.7303370786,518230.0,281870.02334319736,89,4,0.0,0.2883830562661857,0.019436337011012137,0.002486106519101807,0.04539476514780952
52,global_gen_52.pkl,372,91,281,111976.76374787092,1179975.6370323896,0.7426999807357788,0.9253999590873718,0.9017175665268531,0.9101999998092651,0.03096242482251937,18050.0,1342949.0,515001.53846153844,518230.0,289934.7692991691,91,4,0.0,0.2857689783258711,0.017735489605375097,0.002226290400303495,0.04365868791079986
53,global_gen_53.pkl,380,94,286,112850.48538863659,1179975.6370323896,0.7426999807357788,0.9253999590873718,0.9024031751967491,0.9102999866008759,0.030677562101712765,18050.0,1342949.0,532152.2978723404,518246.5,306666.58314867364,94,4,0.0,0.2857689783258711,0.017196025029369615,0.0021314792025388368,0.04318619031292927
54,global_gen_54.pkl,387,96,291,111976.76374787092,1179975.6370323896,0.7426999807357788,0.9253999590873718,0.9023999832570553,0.9102999866008759,0.030401617330217165,18050.0,1342949.0,526112.5208333334,518233.0,306961.6416942704,96,4,0.0,0.2857689783258711,0.017346081646230242,0.00282129759732112,0.041930492567529856
55,global_gen_55.pkl,395,96,299,111976.76374787092,1179975.6370323896,0.7426999807357788,0.9253999590873718,0.9026291500777006,0.9102999866008759,0.030380527040802685,18050.0,1342949.0,525600.84375,518233.0,306853.8409994442,96,4,0.0,0.2857689783258711,0.017141796180926358,0.002028630501052832,0.04265891275783834
56,global_gen_56.pkl,402,96,306,111976.76374787092,1179975.6370323896,0.7426999807357788,0.9253999590873718,0.9021281078457832,0.9102999866008759,0.030932626262704637,18050.0,1342949.0,525071.2083333334,518233.0,307693.1533181758,96,4,0.0,0.2857689783258711,0.01832860177108855,0.002242940951455959,0.04368329713974187
57,global_gen_57.pkl,408,98,310,112103.27129977942,1180405.0226134062,0.6227999925613403,0.9253999590873718,0.8989714116466289,0.9101999998092651,0.04178183387363698,17586.0,1342949.0,515386.612244898,518230.0,311889.0983459078,98,4,0.0,0.23564606894570464,0.01705773144498754,0.0018007769463767613,0.04127727617542431
58,global_gen_58.pkl,414,99,315,111592.04173564911,1180443.7519823313,0.6227999925613403,0.9254999756813049,0.8980413976341787,0.9101999998092651,0.04481763838150945,17586.0,1342949.0,524582.8787878788,518230.0,318119.7340220032,99,4,0.0,0.20599133308642098,0.015168752570280946,0.0017979966198243083,0.037048824293950705
59,global_gen_59.pkl,419,99,320,111592.04173564911,1180443.7519823313,0.6575999855995178,0.9254999756813049,0.9002040233274903,0.9101999998092651,0.038992160067181765,17586.0,1342949.0,528509.7777777778,518236.0,315840.4958281805,99,4,0.0,0.19646467485838362,0.01502125070281368,0.0016881887057812847,0.03746664694895542
60,global_gen_60.pkl,424,98,326,185117.48072075844,2101429.0979961157,0.7426999807357788,0.9264000058174133,0.9024203918418106,0.9102999866008759,0.030481260448316276,17586.0,2285968.0,538777.2040816327,518233.0,355324.4242544435,98,3,0.0,0.26183270466295905,0.015101167644019609,0.001925109710425424,0.04009973835194828
